makepalp q:\baseball\art\cards\card0102  C_BRAV C_BRAV
makepalp q:\baseball\art\cards\card0202  C_ORIO C_ORIO
makepalp q:\baseball\art\cards\card0303  C_REDX C_REDX
makepalp q:\baseball\art\cards\card0401  C_ANGE C_ANGE
makepalp q:\baseball\art\cards\card0501  C_CUBS C_CUBS
makepalp q:\baseball\art\cards\card0602  C_WHIT C_WHIT
makepalp q:\baseball\art\cards\card0703  C_REDS C_REDS
makepalp q:\baseball\art\cards\card0801  C_INDI C_INDI
makepalp q:\baseball\art\cards\card0901  C_ROCK C_ROCK
makepalp q:\baseball\art\cards\card1001  C_TIGE C_TIGE
makepalp q:\baseball\art\cards\card1101  C_MARL C_MARL
makepalp q:\baseball\art\cards\card1202  C_ASTR C_ASTR
makepalp q:\baseball\art\cards\card1301  C_ROYA C_ROYA
makepalp q:\baseball\art\cards\card1402  C_DODG C_DODG
makepalp q:\baseball\art\cards\card1501  C_BREW C_BREW
makepalp q:\baseball\art\cards\card1602  C_TWIN C_TWIN
makepalp q:\baseball\art\cards\card1702  C_EXPO C_EXPO
makepalp q:\baseball\art\cards\card1801  C_METS C_METS
makepalp q:\baseball\art\cards\card1901  C_YANK C_YANK
makepalp q:\baseball\art\cards\card2002  C_ATHL C_ATHL
makepalp q:\baseball\art\cards\card2102  C_PHIL C_PHIL
makepalp q:\baseball\art\cards\card2201  C_PIRA C_PIRA
makepalp q:\baseball\art\cards\card2301  C_CARD C_CARD
makepalp q:\baseball\art\cards\card2401  C_PADR C_PADR
makepalp q:\baseball\art\cards\card2501  C_GIAN C_GIAN
makepalp q:\baseball\art\cards\card2601  C_MARI C_MARI
makepalp q:\baseball\art\cards\card2701  C_RANG C_RANG
makepalp q:\baseball\art\cards\card2802  C_BLUE C_BLUE
